{"MonthlyCharges":0.1928582185,"PaperlessBilling":0.1914543211,"SeniorCitizen":0.1505410534,"PaymentMethod":0.1078520151,"MultipleLines":0.0380432744,"PhoneService":0.0116913989,"StreamingTV":-0.0363027215,"StreamingMovies":-0.0388017484,"InternetService":-0.0470971646,"Partner":-0.1499819256,"DeviceProtection":-0.1778831953,"OnlineBackup":-0.1952902086,"TotalCharges":-0.1994840836,"TechSupport":-0.2822324866,"OnlineSecurity":-0.2890501761,"tenure":-0.354049359,"Contract":-0.396149533,"outliers":-0.548396705}